{"cord_uid": "0pmo3opx", "sourcedb": "PMC", "sourceid": "PMC5431086", "divid": "15", "text": "Biological Evaluation of cyc - LHSPW . Next , the specificity of the lead peptide inhibitor cyc - LHSPW was tested against a panel of cancer - associated proteases with wide - ranging substrate specificities ( Fig . 5A ) . APN was the only protease inhibited by cyc - LHSPW with chymotrypsin , trypsin , PSA , KLK7 , aminopeptidase A , and the exopeptidase FAP all having K i values above 100 \u03bcM . Having assessed selectivity for purified", "project": "cdlai_CORD-19", "denotations": [{"id": 1, "span": {"begin": 25, "end": 37}, "obj": "ne"}, {"id": 2, "span": {"begin": 92, "end": 104}, "obj": "ne"}, {"id": 3, "span": {"begin": 223, "end": 227}, "obj": "ne"}, {"id": 4, "span": {"begin": 262, "end": 274}, "obj": "ne"}]}