{"cord_uid": "1dfzj1b3", "sourcedb": "PMC", "sourceid": "PMC6259136", "divid": "104", "text": "The essential oils of Fortunella japonica var . margarita ( GumGyul ) and Citrus sunki ( JinGyul ) , which limonene predominared in both types of oils , also markedly inhibited LPS - induced NO production in RAW 264 . 7 cells in a dose - dependent manner , indicating that they had anti - inflammatiry effects , according to the authors [ 138 ] .", "project": "cdlai_CORD-19", "denotations": [{"id": 1, "span": {"begin": 107, "end": 116}, "obj": "ne"}, {"id": 2, "span": {"begin": 177, "end": 181}, "obj": "ne"}, {"id": 3, "span": {"begin": 191, "end": 194}, "obj": "ne"}]}