{"cord_uid": "1dfzj1b3", "sourcedb": "PMC", "sourceid": "PMC6259136", "divid": "118", "text": "The essential oil from the leaves of Juniperus oxycedrus L . of the Iberian flora , mainly constituted by \u03b1 - pinene , showed a great inhibition of IL - 1 - induced NO production in the human chondrocytic cell line C - 28 / 12 . The same oil and a \u03b1 - pinene - rich fraction reduced markedly IL - 1 - induced I\u03baB\u03b1 degradation and phosphorylation , NF - \u03baB - DNA binding activity and NO production [ 152 ] .", "project": "cdlai_CORD-19", "denotations": [{"id": 1, "span": {"begin": 106, "end": 117}, "obj": "ne"}, {"id": 2, "span": {"begin": 165, "end": 168}, "obj": "ne"}, {"id": 3, "span": {"begin": 248, "end": 259}, "obj": "ne"}, {"id": 4, "span": {"begin": 383, "end": 386}, "obj": "ne"}]}