{"cord_uid": "1dfzj1b3", "sourcedb": "PMC", "sourceid": "PMC6259136", "divid": "62", "text": "By comparing the antioxidant activity measured by DPPH radical scavenging and ferric reducing power ( FRAP ) of Zingiber officinale Roscoe and Cuminum cyminum L . oils , El - Ghorab et al . ( 2010 ) [ 79 ] reported almost similar trends in both methods . Cuminum cyminum , mainly constituted by cuminal , \u03b3 - terpinene , pinocarveol , , carotol , \u03b1 - pinene , sabinene , \u03b2 - terpineol and linalool , presented the best activity .", "project": "cdlai_CORD-19", "denotations": [{"id": 1, "span": {"begin": 50, "end": 55}, "obj": "ne"}, {"id": 2, "span": {"begin": 143, "end": 159}, "obj": "ne"}, {"id": 3, "span": {"begin": 255, "end": 271}, "obj": "ne"}, {"id": 4, "span": {"begin": 295, "end": 303}, "obj": "ne"}, {"id": 5, "span": {"begin": 305, "end": 319}, "obj": "ne"}, {"id": 6, "span": {"begin": 321, "end": 333}, "obj": "ne"}, {"id": 7, "span": {"begin": 337, "end": 345}, "obj": "ne"}, {"id": 8, "span": {"begin": 347, "end": 358}, "obj": "ne"}, {"id": 9, "span": {"begin": 360, "end": 369}, "obj": "ne"}, {"id": 10, "span": {"begin": 371, "end": 385}, "obj": "ne"}, {"id": 11, "span": {"begin": 389, "end": 398}, "obj": "ne"}]}