{"cord_uid": "1dfzj1b3", "sourcedb": "PMC", "sourceid": "PMC6259136", "divid": "88", "text": "The ability to inhibit IL - 1\u03b2 and IL - 6 production but not TNF - \u03b1 was attributed to 1 , 8 - cineole , santoline , spathulenol and caryophyllene oxide , major constituents of the essential oil of Cinnamomum osmophloeum Kaneh . leaves [ 109 ] . Rosmarinus officinalis L . oil , mainly constituted by 1 , 8 - cineole along with \u03b1 - pinene , camphor and p - cymene was only able to reduce the pro - inflammatory IL - 6 production in the mouse colon in which colitis was induced by 2 , 4 , 6 - trinitrobenzene sulphonic acid ( TNBS ) , not suppressing IL - 1\u03b2 [ 110 ] .", "project": "cdlai_CORD-19", "denotations": [{"id": 1, "span": {"begin": 87, "end": 103}, "obj": "ne"}, {"id": 2, "span": {"begin": 105, "end": 115}, "obj": "ne"}, {"id": 3, "span": {"begin": 117, "end": 129}, "obj": "ne"}, {"id": 4, "span": {"begin": 133, "end": 153}, "obj": "ne"}, {"id": 5, "span": {"begin": 301, "end": 317}, "obj": "ne"}, {"id": 6, "span": {"begin": 328, "end": 339}, "obj": "ne"}, {"id": 7, "span": {"begin": 341, "end": 349}, "obj": "ne"}, {"id": 8, "span": {"begin": 353, "end": 364}, "obj": "ne"}]}