{"cord_uid": "1dfzj1b3", "sourcedb": "PMC", "sourceid": "PMC6259136", "divid": "64", "text": "Amomum tsao - ko oil with low antioxidant activity measured through the TBARS method [ 70 ] , as reported above , also had weak ability for scavenging DPPH free radicals and low ferric reducing power , mainly due to the low phenolic content of the oils [ 56 ] .", "project": "cdlai_CORD-19", "denotations": [{"id": 1, "span": {"begin": 0, "end": 17}, "obj": "ne"}, {"id": 2, "span": {"begin": 151, "end": 156}, "obj": "ne"}, {"id": 3, "span": {"begin": 224, "end": 233}, "obj": "ne"}]}