{"cord_uid": "21iw0bej", "sourcedb": "PMC", "sourceid": "PMC5296350", "divid": "31", "text": "is a diterpene acid isolated from the root and trunk bark of Pseudolarix kaempferi Grord ( Pinaceae ) ( Yu et al . , 2007 ( Yu et al . , , 2013 . PAB was confirmed to promote G2 / M arrest after 24 h ( Figure 6C ) . To assess the effects of PAB on viral RNA and virulence , RD cells were infected with EV - D68 US / KY / 14 - 18953 strain or EV - A71 at an MOI of 0 . 8 for 2 h and then treated with 2 \u00b5M PAB for 24 h . PAB decreased the genomic RNA levels of both EV - D68 ( 28 . 32 % of control ; P < 0 . 001 ; Figure 6D ) and EV - A71 ( 59 . 87 % of control ; P < 0 . 001 ; Figure 6E ) . Furthermore , PAB decreased the TCID50 / ml value of both EV - D68 ( 80 . 31 % decrease ; P < 0 . 01 ; Figure 6F ) and EV - A71 ( 91 . 27 % decrease ; P < 0 . 01 ; Figure 6G ) . These results confirm that G2 / M arrest inhibits both the EV - D68 and EV - A71 strains , which suggest a common approach for therapeutic intervention that might potentially target a broader range of enteroviruses .", "project": "cdlai_CORD-19", "denotations": [{"id": 1, "span": {"begin": 5, "end": 20}, "obj": "ne"}, {"id": 2, "span": {"begin": 146, "end": 150}, "obj": "ne"}, {"id": 3, "span": {"begin": 241, "end": 245}, "obj": "ne"}]}