{"cord_uid": "21iw0bej", "sourcedb": "PMC", "sourceid": "PMC5296350", "divid": "30", "text": "To confirm that G2 / M synchronization inhibits EV - D68 and EV - A71 , we assessed the effects of an alternate agent that can exert G2 / M arrest in vitro , pseudolaric acid B ( PAB ) , which The progeny viruses of EV - D68 or EV - A71 in the supernatant were titrated using RD cells , and the TCID50 / mL was shown . The results indicate the mean \u00b1 S . D of three independent experiments . * P < 0 . 05 , * * P < 0 . 01 , and * * * P < 0 . 001 .", "project": "cdlai_CORD-19", "denotations": [{"id": 1, "span": {"begin": 158, "end": 177}, "obj": "ne"}, {"id": 2, "span": {"begin": 179, "end": 183}, "obj": "ne"}]}