{"cord_uid": "21iw0bej", "sourcedb": "PMC", "sourceid": "PMC5296350", "divid": "36", "text": "Viral non - structural proteins are often essential for viral replication , so we also evaluated whether EV - D68 might exert its host cell cycle regulatory function via its viral non - structural proteins . Our results confirmed that the non - structural protein 3D increases the percentage of cells in G0 / G1 phase by decreasing the expression of the G0 / G1 and S phase related - cell cycle proteins cyclinD , CDK4 and cyclinE1 , while 3C decreases the percentage of cells in G2 / M phase by decreasing the expression of G2 / M - related proteins CDK1 and cyclinB1 . These findings raise the possibility that the non - structural proteins 3D and 3C may function coordinately in the context of an EV - D68 infection to enhance the percentage of cells in G0 / G1 and increase the G0 / G1 to G2 / M ratio . It is noted that non - structural 3D protein of EV - A71 mediates cell cycle arrest at S phase , while 3D of EV - D68 mediated cell cycle at G0 / G1 , although until now the detailed reason of the difference is not clear , it is speculated that 290 of same amino acid sequence might bind with a same target which is responsible for the function of cell cycle arrest , while 172 of different amino acid sequence might bind other different factors which is responsible for different ability of cell cycle regulation , and this part will be investigated in the future .", "project": "cdlai_CORD-19", "denotations": [{"id": 1, "span": {"begin": 105, "end": 114}, "obj": "ne"}]}