{"cord_uid": "26lvnqaq", "sourcedb": "PMC", "sourceid": "PMC6116506", "divid": "34", "text": "The non - parametric Mann Whitney test was used to compare the virus load of tracheal and cloacal swabs , and to establish whether virus loads in the oviducts were significantly different from those reported in the rest of the organs . Oviposition , eggshell thickness , and numbers of misshaped and discoloured eggs were expressed as daily means for each group . We compared the weekly means among groups using the Wilcoxon matched - pairs signedranks test , a two - tailed P value . Statistical analyses were carried out using the GraphPad Prism 5 . 0 software ( GraphPad Prism , GraphPad Software , La Jolla CA , USA ) and the significance level was set at P < 0 . 05 .", "project": "cdlai_CORD-19", "denotations": []}