{"cord_uid": "442gq3k5", "sourcedb": "PMC", "sourceid": "PMC3050921", "divid": "5", "text": "The importance of zoonotic emerging infections is increasingly recognized , as illustrated by outbreaks of SARS coronavirus and the ongoing threat of human infections with avian influenza H5N1 virus . It is essential to understand transmission dynamics and risk factors for infection , in order to design effective strategies to contain and prevent the spread of zoonotic diseases [ 1 ] . Streptococcus suis infection is an emerging zoonotic infectious disease , which is increasingly reported in Asia . It has become an important threat for human health , illustrated by the explosive outbreak in Sichuan Province China associated with at least 215 cases and 39 deaths in 2005 [ 2 ] . In Vietnam , S . suis infection was first reported in 1996 and the number of human cases has increased annually . In Ho Chi Minh City and Hanoi , it causes approximately 40 % of all adult acute bacterial meningitis cases . This is more than Streptococcus pneumoniae and Neisseria meningitidis combined [ 3 , 4 , 5 ] .", "project": "cdlai_CORD-19", "denotations": []}