{"cord_uid": "54lx7cl3", "sourcedb": "PMC", "sourceid": "PMC4801059", "divid": "14", "text": "Regardless of age , viral infection is an important risk factor for bacterial pneumonia . Viruses can lead to rapid , drastic increases in morbidity and mortality in all age groups as seen in historic influenza epidemics and pandemics [ 52 ] , making it a major public health concern . Hydrogen peroxide production [ 107 ] Catalase [ 108 ] Pilus [ 109 ] Immune - mediated competition [ 110 , 111 ] S . pneumoniae H . influenzae Synergism [ 18 ] [ 19 ] [ 20 ] [ 21 ] [ 22 ] [ 23 ] [ 24 ] [ 25 ] [ 26 ] [ 27 ] 112 ] Provision of nutrients [ 15 ] Production of b - lactamase [ 113 ] Formation of biofilms [ 113 ] Phosphorychlorine expression [ 12 ] S . pneumoniae H . influenzae Antagonism [ 31 ] Hydrogen peroxide production [ 114 ] Catalase [ 114 ] Desialylation [ 115 ] Immune - mediated competition [", "project": "cdlai_CORD-19", "denotations": []}