{"cord_uid": "7bgerq3r", "sourcedb": "PMC", "sourceid": "PMC5968208", "divid": "13", "text": "The study individuals were prioritized in groups according to the transmission intensity of the MERS case they were exposed to , as follows : contact with super - spreading events ( 5 or more individuals infected ) [ 21 ] , contact with spreaders who infected 1 to 4 individuals , and contact with non - spreaders . We selected study subjects according to this prioritization of groups , and the selection rates were 48 . 8 , 16 . 4 , and 15 . 8 % , respectively . We also categorized the subjects according to their exposure intensity ( i . e . , status when they were exposed to the MERS case ) , as follows : inpatients or outpatients at a MERS - affected hospital , cohabiting family members or paid caregivers of the MERS case , visitors of the hospitalized MERS case , healthcare workers employed at a MERS - affected hospital , and colleague of the MERS case . We selected more subjects from the categories of family , patients , and visitors ( Table 1 ) .", "project": "cdlai_CORD-19", "denotations": []}