{"cord_uid": "89pf7c5i", "sourcedb": "PMC", "sourceid": "PMC4462189", "divid": "3", "text": "Leishmania infantum ( syn . Leishmania chagasi ) infection is found both in the Old and New Worlds with dogs as the main reservoir . Canine leishmaniosis ( CanL ) is an important and complex zoonotic disease whose transmission , pathogenesis , clinical manifestations , diagnosis , therapy and prevention have been extensively studied [ 1 , 2 ] . Conversely , in the last century , the cat was usually considered as a relatively resistant host species to Leishmania infection based on two experimental studies ( see Question 5 ) and on limited numbers of clinical case reports and histopath descriptions of the presence of Leishmania infection in necropsies .", "project": "cdlai_CORD-19", "denotations": []}