{"cord_uid": "89pf7c5i", "sourcedb": "PMC", "sourceid": "PMC4462189", "divid": "4", "text": "Historically , some studies have used cats for investigating their potential role as reservoir for Leishmania . Pet cats living in the same houses where human cases of cutaneous or visceral leishmaniosis were diagnosed were examined for the presence of Leishmania amastigotes in skin lesions or by post mortem histopathological evaluation of the bone marrow and spleen [ 3 , 4 ] . In Sicily ( southern Italy ) , no case of infection was found by cytological and histological examination of spleen , liver and bone marrow of 120 necropsied cats living in an endemic area [ 5 ] . The same negative results were obtained in Egypt when spleen cytology and culture were performed on 28 stray cats , and six of them displaying skin lesions were negative also from skin [ 6 ] . Conversely , in Jordan , amastigotes were detected in liver and spleen smears from about 20 % of 78 stray cats [ 7 ] .", "project": "cdlai_CORD-19", "denotations": []}