{"cord_uid": "89pf7c5i", "sourcedb": "PMC", "sourceid": "PMC4462189", "divid": "51", "text": "FeL should also be considered in cats with ophthalmologic disease , mainly in cats with acute , recurring or chronic uveitis and differentiated from similar clinical conditions caused by FIV , FeLV , FCoV , Bartonella , T . gondii , fungal infections , neoplasia or paraneoplastic syndrome . Some feline uveitis cases are considered idiopatic and treated with corticosteroids . A diagnosis of idiopatic uveitis was initially made in some cases of ocular FeL and corticosteroids worsened the disease [ 50 , 55 , 69 ] . This fact warrants a careful investigation Fig . 7 Fine - needle aspirate of a reactive lymph node from a cat with feline leishmaniosis due to Leishmania infantum : lymphoid hyperplasia and a macrophage with L . infantum amastigotes ( red arrows ) . May - Gr\u00fcnwald - Giemsa stain , scale bar = 20 \u03bcm to exclude FeL before treating ocular disease with corticosteroids .", "project": "cdlai_CORD-19", "denotations": [{"id": 1, "span": {"begin": 360, "end": 376}, "obj": "ne"}, {"id": 2, "span": {"begin": 462, "end": 478}, "obj": "ne"}]}