{"cord_uid": "89pf7c5i", "sourcedb": "PMC", "sourceid": "PMC4462189", "divid": "42", "text": "L . venezuelensis Venezuela ( Lara state ) 4 cats One cat : nodular lesion ( 2 cm ) on the nose and six smaller nodules on the ears ; two cats : single nodules ( 2 - 3 cm ) on the nose ; one cat : single nodule on the nose ( 2 - 3 cm ) and 3 months afterwards presented with metastatic new lesions on the ears , tail and lower limbs [ 105 ] folliculitis complex and paraneoplastic alopecia could be included in the differential list of those leishmanial cats that are admitted with the rare exfoliative / crusting dermatitis which may also be alopecic and erythematous . It has been postulated that PF and FeL may share a common pathomechanism ( molecular mimicry ) when they co - exist in the same cat [ 56 ] .", "project": "cdlai_CORD-19", "denotations": []}