{"cord_uid": "89pf7c5i", "sourcedb": "PMC", "sourceid": "PMC4462189", "divid": "29", "text": "The implication of Leishmania as a cause of some of these clinical signs has been associated with the presence of the parasite in cytological or histopathological examinations of liver , spleen , lymph nodes , stomach , large bowel , kidney , oral mucosa , nasal exudate and eye tissues [ 13 , 14 , 36 , 50 , 57 , 63 , 66 , 68 , 72 ] . However , clinical disease is commonly associated with an impaired immunocompetence due to several causes including retroviral infections ( FIV and FeLV ) , immunos treatment and concomitant debilitating diseases such as malignant neoplasia or diabetes mellitus [ 44 ] .", "project": "cdlai_CORD-19", "denotations": []}