{"cord_uid": "89pf7c5i", "sourcedb": "PMC", "sourceid": "PMC4462189", "divid": "44", "text": "Limited information is available about clinicopathological abnormalities in cats and it is only based on case reports . Mild to severe normocytic normochromic non - regenerative anemia is the most frequent haematological abnormality reported in clinical cases [ 37 ] . Moderate to severe pancytopenia may be observed [ 37 , 50 , 57 ] in association with aplastic bone marrow , but some of the cats reported with pancytopenia were FIV positive [ 37 , 50 , 57 ] . Curiously , in one of these cases , amastigotes were found in 4 % of neutrophils in buffy coat smears [ 57 ] .", "project": "cdlai_CORD-19", "denotations": []}