{"cord_uid": "98ljj0cy", "sourcedb": "PMC", "sourceid": "PMC4353318", "divid": "6", "text": "The study population was predominately male between 15 and 84 years of age , of them , approximately 84 % of participants were between the ages of 20 and 59 years . The participants were enrolled from the governorates of Abu Arish , Al Aridah , Al Darb , Al Aydabi , Baish , Dhamad , Fifa , Jazan , Sabya , and Samtah . A small percentage ( 16 . 9 % ) of participants reported themselves to be semi - nomadic , with possible movement outside of the Jazan region . Nearly half ( 44 % ) of participants were from the Jaz Governorate . Among participants , 25 % reported some form of contact with domestic animals including camels , cattle , horse , goats , or sheep and 17 % reported daily contact with domestic camels during the 12 months to enrollment ( see Table S1 ) .", "project": "cdlai_CORD-19", "denotations": []}