{"cord_uid": "b78pccz5", "sourcedb": "PMC", "sourceid": "PMC4895703", "divid": "75", "text": "- 14 - However , in Finland the burden of disease from lung cancer caused by radon exposures is alleviated partly by lower smoking prevalence . On average , 31 % of over 15 - year olds smoke daily or occasionally in EU countries and the smoking figures are lower only in Finland ( 25 % ) , Sweden ( 25 % ) and Slovakia ( 22 % ) [ 21 ] .", "project": "cdlai_CORD-19", "denotations": [{"id": 1, "span": {"begin": 77, "end": 83}, "obj": "ne"}]}