{"cord_uid": "b78pccz5", "sourcedb": "PMC", "sourceid": "PMC4895703", "divid": "68", "text": "VOC controls can be reached by comprehensive labelling systems for low emission products . Dampness controls need to combine structural improvements with - 12 - active / online and passive warning sensors . The most challenging element was considered to be particulate matter . The proposed 25 % reduction can be achieved with target exhausts in kitchens , avoiding use of candles and improved design of combustion devices .", "project": "cdlai_CORD-19", "denotations": []}