{"cord_uid": "b78pccz5", "sourcedb": "PMC", "sourceid": "PMC4895703", "divid": "85", "text": "Further analysis of the contribution of indoor and outdoor sources on these scenarios shows , that with the dilution scenario the health benefits are not only due to smaller proportion of the indoor contribution ( i . e . the dilution of the pollutants from the indoor sources ) but is mainly based on the lower ventilation rates that actually limits the penetration of the outdoor pollutants to indoors .", "project": "cdlai_CORD-19", "denotations": []}