{"cord_uid": "btuoin6d", "sourcedb": "PMC", "sourceid": "PMC7033854", "divid": "6", "text": "This study was a single - center , retrospective cohort study . We reviewed the medical records of patients who were admitted to the Armed Forces Chuncheon Hospital ( Gangwon Province , South Korea , the Referral Hospital for Gangwon Province ) for CAP treatment between January of 2014 and December of 2016 . Based on the unique characteristics of the Korean military medical system , all military personnel was treated initially in the military hospital despite a lack of diagnostic modalities . Ethical approval was obtained from the Institutional Review Board of the Armed Forces Medical Command ( AFMC - 16051 - IRB - 16 - 041 ) , which waived the need for informed consent because of the retrospective observational nature of the study .", "project": "cdlai_CORD-19", "denotations": []}