{"cord_uid": "btuoin6d", "sourcedb": "PMC", "sourceid": "PMC7033854", "divid": "14", "text": "The levels of infection markers , such as C - reactive protein ( CRP ) and procalcitonin showed no difference between the two groups . In addition , total bilirubin and creatinine levels showed no significant difference between the two groups .", "project": "cdlai_CORD-19", "denotations": [{"id": 1, "span": {"begin": 75, "end": 89}, "obj": "ne"}, {"id": 2, "span": {"begin": 155, "end": 165}, "obj": "ne"}, {"id": 3, "span": {"begin": 169, "end": 180}, "obj": "ne"}]}