{"cord_uid": "c3psvuzp", "sourcedb": "PMC", "sourceid": "PMC4038475", "divid": "2", "text": "Post - translational protein modifications such as phosphorylation and ubiquitinylation are common molecular targets of conflict between viruses and their hosts . However , the role of other post - translational modifications , such as ADPribosylation , in host - virus interactions is less well characterized . ADP - ribosylation is carried out by proteins encoded by the PARP ( also called ARTD ) gene family . The majority of the 17 human PARP genes are poorly characterized . However , one PARP protein , PARP13 / ZAP , has broad antiviral activity and has evolved under positive ( diversifying ) selection in primates . Such evolution is typical of domains that are locked in antagonistic ' arms races ' with viral factors . To identify additional PARP genes that may be involved in host - virus interactions , we performed evolutionary analyses on all primate PARP genes to search for signatures of rapid evolution . Contrary to expectations that most PARP genes are involved in ' housekeeping ' functions , we found that nearly one - third of PARP genes are evolving under strong recurrent positive selection . We identified a . 300 amino acid disordered region of PARP4 , a component of cytoplasmic vault structures , to be rapidly evolving in several mammalian lineages , suggesting this region serves as an important host - pathogen specificity interface . We also found positive selection of PARP9 , 14 and 15 , the only three human genes that contain both PARP domains and macrodomains . Macrodomains uniquely recognize , and in some cases can reverse , protein mono - ADP - ribosylation , and we observed strong signatures of recurrent positive selection throughout the macro - PARP macrodomains . Furthermore , PARP14 and PARP15 have undergone repeated rounds of gene birth and loss during vertebrate evolution , consistent with recurrent gene innovation . Together with previous studies that implicated several PARPs in immunity , as well as those that demonstrated a role for virally encoded macrodomains in host immune evasion , our evolutionary analyses suggest that addition , recognition and removal of ADP - ribosylation is a critical , underappreciated currency in host - virus conflicts .", "project": "cdlai_CORD-19", "denotations": []}