{"cord_uid": "d1m2wv8r", "sourcedb": "PMC", "sourceid": "PMC4942776", "divid": "28", "text": "In summary , DEPs and their expression kinetics in CPV - infected F81 cells were characterised with iTRAQ analysis . There were dynamic changes in DEPs over the course of infection . DEPs that are involved in viral defence or apoptosis and are related to cancer may be useful for studying anti - viral and oncolytic therapy . Finally ,", "project": "cdlai_CORD-19", "denotations": [{"id": 1, "span": {"begin": 51, "end": 55}, "obj": "ne"}]}