{"cord_uid": "h145cxlp", "sourcedb": "PMC", "sourceid": "PMC4683816", "divid": "10", "text": "All data was entered into a Microsoft Access database and transferred to IBM SPSS 21 . 0 for statistical analysis . Data was analysed descriptively ( percentages , or median with inter - quartile range , IQR ) . Comparisons between groups were assessed for significance ( p < 0 . 05 , twosided ) using Pearson ' s Chi 2 - test or Fisher ' s Exact test for categorical data , and the Mann - Whitney U - test for continuous data .", "project": "cdlai_CORD-19", "denotations": []}