{"cord_uid": "h145cxlp", "sourcedb": "PMC", "sourceid": "PMC4683816", "divid": "18", "text": "One or more specific influenza - associated diagnoses / complications were reported for 42 ( 89 . 4 % ) of the 47 children ( Table 4 ) . The most frequent diagnosis was influenzaassociated pneumonia ( 61 . 7 % ) , followed by bronchitis / bronchiolitis ( 31 . 9 % ) , and secondary bacterial pneumonia ( 25 . 5 % ) . ARDS was reported for 10 ( 21 . 3 % ) and sepsis for six children ( 12 . 8 % ) ; other complications were rare . Thirty - nine of the 47 patients ( 83 . 0 % ) underwent a chest radiograph .", "project": "cdlai_CORD-19", "denotations": []}