{"cord_uid": "htoexg53", "sourcedb": "PMC", "sourceid": "PMC6316859", "divid": "30", "text": "Supplementary Materials : The following are available online at http : / / www . mdpi . com / 1999 - 4915 / 10 / 12 / 718 / s1 , Table S1 : The design of matrix peptide pools for systematically screening of H2 - d restricted T cell epitopes in MERS - CoV N protein protein , Figure S1 : Sequence analysis and modular organization of MERS - CoV N protein , Table S2", "project": "cdlai_CORD-19", "denotations": []}