{"cord_uid": "izxhiusf", "sourcedb": "PMC", "sourceid": "PMC3420249", "divid": "5", "text": "Recurrent and / or persistent wheezing in young children is a major reason for use of pediatric healthcare resources [ 1 , 2 ] . Despite the high morbidity of persistent infantile wheezing , there are only few comprehensive studies in this domain , resulting in poor knowledge of the pathophysiology and a lack of efficacy data of therapeutical interventions [ 3 ] . Although 3 pediatric asthma phenotypes have been described , in daily practice preschool wheezers remain a diagnostic and therapeutic challenge to the pediatrician [ 4 , 5 ] .", "project": "cdlai_CORD-19", "denotations": []}