{"cord_uid": "jx518gz3", "sourcedb": "PMC", "sourceid": "PMC3447300", "divid": "2", "text": "The 2003 - 2004 H5N1 highly pathogenic avian influenza ( HPAI ) outbreaks in Japan were the first such outbreaks in 79 years in Japan . Epidemic outbreaks have been occurring in Southeast Asia , with the most recent in 2010 . Knowledge of the transmission route responsible for the HPAI outbreaks in these countries remains elusive . Our studies strongly suggested that field and laboratory studies focusing on mechanical transmission by blow flies should be considered to control H5N1 avian influenza outbreaks , in particular in epidemic areas , where there are high densities of different fly species throughout the year . In this paper , we review these field and laboratory entomological studies and discuss the possibility of blow flies transmitting H5N1 viruses .", "project": "cdlai_CORD-19", "denotations": []}