{"cord_uid": "leaj1t3k", "sourcedb": "PMC", "sourceid": "PMC4033964", "divid": "8", "text": "A novel strategy to efficiently overcome the impermeable cell barrier came from the surprising findings in the late 1980s that certain naturally occurring short peptide sequences have the ability to enter cells when added to culture media . The tat peptide , derived from HIV - 1 transcriptional activator protein ( tat ) [ 20 , 21 ] , and penetratin , derived from Drosophila antennapedia ( Antp ) transcription protein [ 22 ] , were the first cell - penetrating peptides ( CPPs ) to be described . Tat and penetratin have paved the way to the discovery of other naturally occurring CPPs such as the herpesvirus tegument protein VP22 [ 23 , 24 ] or the cell wall protein - derived peptide inv3 from Mycobacterium tuberculosis [ 25 , 26 ] . Chimaeric CPPs such as transportan ( a chimera of the neuropeptide galanin and the wasp venom toxin mastoparan ) [ 27 ] and totally synthetic CPPs such as the model amphipathic peptide ( MAP ) [ 28 ] or arginine oligomers [ 29 ] have also been designed and are routinely used . The exact mechanism of cellular uptake is not clear and studies remain controversial . Current models include uptake through transient pore formation , caveolae , clathrindependent endocytosis , and macropinocytosis . Recent data suggest endocytosis as the prevailing model for uptake , although several mechanisms may coexist and differ depending on CPPs [ 30 , 31 ] .", "project": "cdlai_CORD-19", "denotations": []}