{"cord_uid": "leaj1t3k", "sourcedb": "PMC", "sourceid": "PMC4033964", "divid": "22", "text": "Peptide - nucleic acids or PNAs are oligonucleotide analogues in which the sugar - phosphate backbone has been replaced with peptide bonds [ 90 ] . They are resistant to both nucleases and proteases . They are used as antisense molecules to specifically bind to their complementary DNA or RNA sequences , creating a structural hindrance and inhibiting viral transcription , translation and replication processes .", "project": "cdlai_CORD-19", "denotations": [{"id": 1, "span": {"begin": 0, "end": 24}, "obj": "ne"}, {"id": 2, "span": {"begin": 36, "end": 52}, "obj": "ne"}]}