{"cord_uid": "leaj1t3k", "sourcedb": "PMC", "sourceid": "PMC4033964", "divid": "25", "text": "Turner et al . also chose to enhance the cellular delivery and biological activity of PNA by covalently attaching them to CPPs [ 95 ] . They raised the more technical but nonetheless very important question of how the type of CPP and the way it is linked to the PNA affects the ability of the PNA to reach its cellular target . They conjugated the PNA to the CPP either via a stable polyether linker or through a cleavable disulfide bond and tested a range of CPPs . They could inhibit tat - dependent trans - activation in HeLa cells with disulfide - linked conjugates of PNA to transportan or to the chimeric peptide R 6 - penetratin ( R = L - arginine ) . However , unlike what was reported by Tripathi et a l . [ 93 ] , they found that tat and penetratin conjugates failed to inhibit transcription . None of the conjugates carrying the stable polyether linker could elicit trans - activation inhibition . Interestingly , supplementation of cell medium with the lysosomotropic reagent chloroquine enhanced inhibitory activity of disulfide - linked conjugates and stablylinked conjugates gained some inhibitory activity . Supported by confocal microscopy data on cell localization of conjugates , the authors argued that endosomal release is a limiting factor in conjugates efficiency : following cell uptake , CPP - PNA conjugates would be entrapped in endosomal or other membrane - bound cytosolic compartments and some of them would then be slowly released . Endosomal entrapment was also reported with PPMO conjugates [ 79 ] . However , this observation differs from Chaubey et al . conclusion of the conjugates not being taken up by the endocytic pathway as uptake was not affected by low temperature or phenylarsine oxide [ 92 ] . Turner et al . attempted to improve not only the cell delivery but also the endosomal release properties of CPPs to increase PNA antiviral activity [ 95 ] .", "project": "cdlai_CORD-19", "denotations": [{"id": 1, "span": {"begin": 86, "end": 90}, "obj": "ne"}]}