{"cord_uid": "lhn34tc4", "sourcedb": "PMC", "sourceid": "PMC2804616", "divid": "2", "text": "The use of restrictive measures such as quarantine draws into sharp relief the dynamic interplay between the individual rights of the citizen on the one hand and the collective rights of the community on the other . Concerns regarding infectious disease outbreaks ( SARS , pandemic influenza ) have intensified the need to understand public perceptions of quarantine and other social distancing measures .", "project": "cdlai_CORD-19", "denotations": [{"id": 1, "span": {"begin": 40, "end": 51}, "obj": "ne"}, {"id": 2, "span": {"begin": 356, "end": 367}, "obj": "ne"}]}