{"cord_uid": "lhn34tc4", "sourcedb": "PMC", "sourceid": "PMC2804616", "divid": "31", "text": "While we believe the data reported here contribute to the goal of better planning and better preparedness , the present study is limited by its sample of respondents who were drawn only from the Greater Toronto Area . Our goal was to assess the attitudes and perceptions of those living in an area significantly impacted by the SARS outbreak , but further research is now required to determine the generalizability of the present findings to other geographic regions and other populations . Also , our survey was conducted after the conclusion of the outbreak ; it is conceivable that public perceptions and attitudes toward the use of restrictive measures could be different during the course of an outbreak . Finally , a relatively small proportion of our survey respondents were directly affected by quarantine during SARS , which precluded any analysis of differences between those who were directly affected and those who were not .", "project": "cdlai_CORD-19", "denotations": []}