{"cord_uid": "lhn34tc4", "sourcedb": "PMC", "sourceid": "PMC2804616", "divid": "24", "text": "The quarantine of exposed persons ( along with the isolation of infected persons ) has been properly described as the most complex and most ethically and legally controversial intervention within the jurisdiction of public health [ 19 ] . Complexity and controversy notwithstanding , the present data indicate a very high rate of public acceptance of quarantine as a means to control the spread of infectious disease . Indeed , the vast majority of respondents indicated strong support for the use of quarantine in an infectious disease outbreak , for legal penalties against absconders , for social supports for those affected , and for public safeguards against potential inappropriate use .", "project": "cdlai_CORD-19", "denotations": [{"id": 1, "span": {"begin": 351, "end": 362}, "obj": "ne"}, {"id": 2, "span": {"begin": 501, "end": 512}, "obj": "ne"}]}