{"cord_uid": "ltlmj824", "sourcedb": "PMC", "sourceid": "PMC6831962", "divid": "4", "text": "Serum collected from all participants was screened for the presence of MERS - CoV IgG using enzyme - linked immunosorbent assays ( ELISAs ) . One sample with borderline results and five samples with negative ELISA results were retested using indirect immunofluorescence The PRNT was performed as previously described . 5 The number of plaques per well were counted ; reductions in plaque counts of 50 % ( PRNT50 ) and 90 % ( PRNT90 ) were calculated using the Spearman - K\u00e4rber formula . 5", "project": "cdlai_CORD-19", "denotations": []}