{"cord_uid": "ltlmj824", "sourcedb": "PMC", "sourceid": "PMC6831962", "divid": "3", "text": "Contact was defined as meeting at least one of the following four criteria : 4 being within 2m of a confirmed patient , staying in the same space as a confirmed patient for over 5 minutes , contact with a patient ' s respiratory or digestive secretions and contact with specimens from confirmed patients before the sample was packaged . Contact within the same space was graded into four levels according to distance of contact and wearing of PPE . Without full PPE protection : Grade 1 was defined as contact within 2m , and Grade 2 was defined as contact at over 2m . With full PPE protection : Grade 3 was defined as contact within 2 , and Grade 4 was defined as contact at over 2m .", "project": "cdlai_CORD-19", "denotations": [{"id": 1, "span": {"begin": 443, "end": 447}, "obj": "ne"}, {"id": 2, "span": {"begin": 462, "end": 466}, "obj": "ne"}]}