{"cord_uid": "mm83ml06", "sourcedb": "PMC", "sourceid": "PMC5580479", "divid": "15", "text": "Virus replication was assessed by quantification of the virus - associated reverse transcriptase activity by [ 32 P ] - thymidine triphosphate ( TTP ) incorporation , using an oligo ( dT ) - poly ( A ) template as described elsewhere [ 58 ] . To determine the replication capacity of HIV - 1 following infection with HIV - 1 NL4 - 3 or the field isolate 4lig7 , the respective replication profiles were depicted as diagram ( y - axis : RT activity ; x - axis : dpi ) . To calculate the arithmetic mean of the values obtained from experiments performed in HLAC from different donors the area under the curve of each replication profile was calculated and defined as the corresponding replication capacity . In every experiment the replication capacity of the untreated wt was set to 100 % and compared with the inhibitor treated samples .", "project": "cdlai_CORD-19", "denotations": [{"id": 1, "span": {"begin": 109, "end": 143}, "obj": "ne"}, {"id": 2, "span": {"begin": 145, "end": 149}, "obj": "ne"}, {"id": 3, "span": {"begin": 176, "end": 202}, "obj": "ne"}, {"id": 4, "span": {"begin": 354, "end": 360}, "obj": "ne"}]}