{"cord_uid": "opjd4ylh", "sourcedb": "PMC", "sourceid": "PMC6949926", "divid": "11", "text": "The estimated sample for the interview was 15 as they met inclusion criteria and 10 participants agreed and consented to participate , and data saturation was reached with six participants . Interviews were terminated when data saturation was reached , that was when information was repeated and when the researcher probed , rephrased questions , and requested clarity but the information kept repeating itself .", "project": "cdlai_CORD-19", "denotations": []}