{"cord_uid": "pj330wn4", "sourcedb": "PMC", "sourceid": "PMC3607980", "divid": "8", "text": "Vibratome sections ( 250 \u03bcm thick ) of the floor of the fourth ventricle of the brains of infant Wistar rats ( between 9 and 15 days of age ) were prepared to allow ependymal cilia to be viewed on an inverted microscope using a \u00d7 40 objective lens . Each section was submerged under 4 ml of media 199 ( M199 , Gibco , Invitrogen , Paisley , UK ) , as described previously [ 16 ] .", "project": "cdlai_CORD-19", "denotations": [{"id": 1, "span": {"begin": 291, "end": 297}, "obj": "ne"}]}