{"cord_uid": "rdgm0q7m", "sourcedb": "PMC", "sourceid": "PMC4937337", "divid": "20", "text": "We carried out competition experiments to assess whether the WT PRRSV mRNA , the PRF - defective CC2 variant or a known PCBP2 - binding RNA from poliovirus Figure S4 ) . Consistent with expectation , a dose - dependent reduction in frameshifting efficiency was observed upon addition of short , uncapped transcripts containing the WT PRRSV PRF signal or IRES stem - loop IV RNAs , but not with the control mRNA with the C - rich stretch mutated .", "project": "cdlai_CORD-19", "denotations": []}