{"cord_uid": "sch7zhx7", "sourcedb": "PMC", "sourceid": "PMC6563312", "divid": "28", "text": "The reduction in eIF4G cleavage by viral protease in the presence of polyamine depleting molecules could be the result of polyamines modulating viral protease activity , or the phenotype could be due to restriction of virus replication , protease translation , and subsequent reduction in proteolytic activity . To directly measure viral protease activity in cells , we generated a proteasesensitive dual luciferase reporter system . In this split luciferase system , cleavage of a target sequence allows for robust firefly luciferase activity , which can be normalized to a renilla luciferase transfection control . This system has previously been used to explore the activity of viral polymerases [ 34 ] [ 35 ] [ 36 ] , though it has not been considered in the context of polyamine depletion . To generate this system , we", "project": "cdlai_CORD-19", "denotations": [{"id": 1, "span": {"begin": 69, "end": 79}, "obj": "ne"}, {"id": 2, "span": {"begin": 122, "end": 133}, "obj": "ne"}]}