{"cord_uid": "skavefji", "sourcedb": "PMC", "sourceid": "PMC4019586", "divid": "8", "text": "Inclusion criteria were as follows : ( 1 ) patients aged $ 18 years with a clinical diagnosis of pneumonia ( see below for definition ) , and ( 2 ) patients who underwent bronchoscopic BAL for etiologic diagnosis of pneumonia . Exclusion criteria were as follows : ( 1 ) patients in whom the pathogen was not identified , ( 2 ) patients in whom BAL fluid analysis was impossible ( due to severe neutropenia or clotting of specimen ) or not performed , ( 3 ) patients with a mixed infection ( identification of bacteria and virus ) , ( 4 ) patients who were treated with antimicrobial agents for more than 24 hours before bronchoscopic BAL , ( 5 ) patients with invasive pulmonary aspergillosis , ( 6 ) patients with mycobacterial infection , and ( 7 ) patients with Pneumocystis jirovecii pneumonia .", "project": "cdlai_CORD-19", "denotations": []}