{"cord_uid": "u14tj0so", "sourcedb": "PMC", "sourceid": "PMC4064103", "divid": "44", "text": "In this example , method 3 of Iterative HFold outperforms the other methods . Because the input structure G consists of just one base pair , method 1 ( HFold ) outputs a pseudoknot - free structure containing G . The output of both methods 2 and 4 are pseudoknotted but do not contain the base pair of the input structure G . In contrast , method 3 first adds base pairs to G , resulting in the pseudoknot - free structure G updated , and then adds . ( ( ( . . . . . . . . ) ) ) . ) ) ) ) ) ) ) ) ) ) . . . ( ( ( . . . . . . . . ) ) ) . ) ) ) ) ) ) ) ) ) ) . . . . . . . . . . . . . . . . . ( ( ( . . . . . . . . ) ) ) . ) ) ) ) ) ) ) ) ) ) . . ( ( ( ( ( . ( ( ( . [ [ [ . [ [ [ ) ) ) . ) ) ) ) ) ) ) ) ) ) . . . . . . . ( ( ( . . . . ) ) ) ) . ) ) . . ) ) ) ) . . . ) ) . - 5 . 10 ( ( ( . . . . ) ) ) ) . ) ) . . ) ) ) ) . . . ) . . ( ( ( . . [ [ ) ) ) ) . ) ) . . ) ) ) ) . . ) ) ] ] - 6 . 05", "project": "cdlai_CORD-19", "denotations": []}