{"cord_uid": "uo1d8xka", "sourcedb": "PMC", "sourceid": "PMC2259424", "divid": "7", "text": "The selection of the receptor destroyer NA for this study is motivated by its following properties . NA belongs to the glycosyl hydrolase family of proteins and catalyzes the cleavage of sialic acid residues from viral and cellular glycoproteins . Its most important function is to remove the terminal sialic acids from HA in order to enable the virus budding . Moreover , it helps the virus spreading through the system by additionally removing sialic acids from cell surfaces . In particular , since variations in the NA gene can lead to the evolution of more potent strains , studying the molecular evolution of this gene using the latest algorithms and computing power is essential .", "project": "cdlai_CORD-19", "denotations": [{"id": 1, "span": {"begin": 40, "end": 43}, "obj": "ne"}, {"id": 2, "span": {"begin": 101, "end": 104}, "obj": "ne"}, {"id": 3, "span": {"begin": 187, "end": 199}, "obj": "ne"}, {"id": 4, "span": {"begin": 302, "end": 315}, "obj": "ne"}, {"id": 5, "span": {"begin": 320, "end": 323}, "obj": "ne"}, {"id": 6, "span": {"begin": 446, "end": 459}, "obj": "ne"}]}