{"cord_uid": "ux38431n", "sourcedb": "PMC", "sourceid": "PMC4391708", "divid": "4", "text": "Nasopharyngeal aspirates ( NPAs ) or induced sputum ( IS ) was collected from hospitalised children with SARIs in Beijing ( representing Northern China ; n = 259 ) and Zhejiang Province ( representing Eastern China ; n = 293 ) from 2007 to 2010 . The prevalence of HAdV was screened by polymerase chain reaction ( PCR ) , followed by sequence typing of PCR fragments that targeted the second half of the hexon gene . In addition , co - infection with other human respiratory viruses , related epidemiological profiles and clinical presentations were investigated .", "project": "cdlai_CORD-19", "denotations": []}