{"cord_uid": "v07oosd2", "sourcedb": "PMC", "sourceid": "PMC5437690", "divid": "7", "text": "Post - weaning diarrhea is an economically important enteric disease in pigs due to financial losses [ 1 ] . This disease occurs most frequently within the 2 weeks after weaning and is characterized by a profuse diarrhea , dehydration , significant mortality and loss of body weight of surviving pigs [ 2 ] . Mortality associated with this disease may reach 20 - 30 % over a 1 - to 2 - month time span among infected weaned pigs during acute outbreaks of PWD [ 1 ] .", "project": "cdlai_CORD-19", "denotations": []}