{"cord_uid": "v07oosd2", "sourcedb": "PMC", "sourceid": "PMC5437690", "divid": "63", "text": "Live yeast : Saccharomyces cerevisiae HP healthy pigs , CP challenged pigs , NA not available a , b Values within a row with different superscripts differ significantly at P < 0 . 05 c Diarrhea occurrence was calculated as the proportion of days in which pigs showed clinical signs of diarrhea d Number of pig days with diarrhoea score \u2265 2 e Jejunum f log ( copies / g ) some alternatives have shown comparable efficacy to antimicrobials or colistin in the control of PWD , there is still a considerable gap between these alternatives and antibiotics concerning their effectiveness in PWD control . Control of housing conditions and vaccination are the most promising strategies for the prevention of PWD in pigs and for reducing of the overall use of antimicrobials on farms . However , the establishment and the effectiveness of these strategies depend on the involvement of all stakeholders in pig farming . Judicious use of antimicrobials in pigs and continued development of alternatives to antimicrobials and colistin remains a priority to ensure a long - term sustainable development in pigs .", "project": "cdlai_CORD-19", "denotations": [{"id": 1, "span": {"begin": 441, "end": 450}, "obj": "ne"}]}