{"cord_uid": "v07oosd2", "sourcedb": "PMC", "sourceid": "PMC5437690", "divid": "62", "text": "Despite the progress that has been observed in modern pig farms during the last decade to prevent infectious diseases and improve global animal health , PWD remains a problem that causes significant economic losses in pig production . Antibiotics have contributed significantly to mitigate the economic losses caused by infectious diseases and particularly PWD in swine . However , increasing bacterial resistance leading to therapeutic failures on farms as well as the greater vigilance of consumers regarding antimicrobial residues , have resulted in more intensive research and a large number of clinical trials for the development of alternatives to antimicrobials . Thus , several alternatives have been developed , some of which have been commercialized for the management of PWD in pigs . However , the effectiveness of these news therapies has been variable from one farm to another due to the management of livestock and farm conditions . Although", "project": "cdlai_CORD-19", "denotations": []}