{"cord_uid": "v07oosd2", "sourcedb": "PMC", "sourceid": "PMC5437690", "divid": "6", "text": "Articles published in peer - reviewed journals were searched in the international online databases PubMed , Web of Science , and Scopus . The studies were selected based on language ( English or French ) and accessibility to the full manuscript version . Literature was retrieved through an electronic search , starting from 1980 to the present . Relevant scientific papers were identified using the keyword combinations ( piglet OR swine OR pig OR weaned OR sows AND ( post - weaning diarrhea ) , ( postweaning ) , ( E . coli ) , ( colistin ) , ( colistin resistance ) , ( colistin use ) , ( colistin indications ) , AND ( pig OR swine OR weaned pigs OR antibiotics in pigs OR colistin in pigs OR E . coli in pigs OR post - weaning diarrhea OR weanling diet in pigs AND ( feed strategies ) OR ( alternatives measures ) OR ( alternatives to antibiotics ) OR ( preventive strategies ) OR ( additives ) . All searches were performed from September to November 2016 . In total , 389 nonduplicate articles were found . After applying the inclusion and exclusion criteria , 271 citations were considered potentially eligible for inclusion in this review .", "project": "cdlai_CORD-19", "denotations": [{"id": 1, "span": {"begin": 533, "end": 542}, "obj": "ne"}, {"id": 2, "span": {"begin": 548, "end": 557}, "obj": "ne"}]}