{"cord_uid": "v6a41kh8", "sourcedb": "PMC", "sourceid": "PMC2727531", "divid": "20", "text": "The study had ethical clearance from the Research Ethics Committee of the Institute of Medicine at Tribhuvan University in Kathmandu and the Regional Committee for Medical and Health Research Ethics of Western Norway . The implementation of the project was in agreement with the international ethical principles for medical research involving human subjects as stated in the latest version of the Helsinki Declaration .", "project": "cdlai_CORD-19", "denotations": []}