{"cord_uid": "v6a41kh8", "sourcedb": "PMC", "sourceid": "PMC2727531", "divid": "4", "text": "We identified 919 virus isolates in 887 ( 40 . 0 % ) of the 2 , 219 NPA specimens with a valid PCR result , of which 334 ( 15 . 1 % ) yielded RSV , 164 ( 7 . 4 % ) InfA , 129 ( 5 . 8 % ) PIV3 , 98 ( 4 . 4 % ) PIV1 , 93 ( 4 . 2 % ) hMPV , 84 ( 3 . 8 % ) InfB , and 17 ( 0 . 8 % ) PIV2 . CAP occurred in an epidemic pattern with substantial temporal variation during the three years of study . The largest peaks of pneumonia occurrence coincided with peaks of RSV infection , which occurred in epidemics during the rainy season and in winter . The monthly number of RSV infections was positively correlated with relative humidity ( r s = 0 . 40 , P = 0 . 01 ) , but not with temperature or rainfall . An hMPV epidemic occurred during one of the three winter seasons and the monthly number of hMPV cases was also associated with relative humidity ( r s = 0 . 55 , P = 0 . 0005 ) .", "project": "cdlai_CORD-19", "denotations": []}