{"cord_uid": "vgfdfuza", "sourcedb": "PMC", "sourceid": "PMC6963657", "divid": "17", "text": "Most stakeholders considered AMR a significant threat to Singapore and global health , but they also mentioned that it was not given the highest priority in the list of local healthcare challenges until several outbreaks of healthcare - associated infection changed the perception of policymakers and administrators with regards to its risk and standing . Until the early 2010s , issues such as ageing population and chronic diseases were rated much higher in priority compared to infectious diseases .", "project": "cdlai_CORD-19", "denotations": [{"id": 1, "span": {"begin": 29, "end": 33}, "obj": "ne"}]}