{"cord_uid": "vgfdfuza", "sourcedb": "PMC", "sourceid": "PMC6963657", "divid": "69", "text": "Finally , participants in this study were asked to describe the most important strategies to combat AMR and to raise awareness among the population . The most often mentioned responses were : the need to project AMR costs to draw more attention to the topic ; pushing forward the AMR agenda by fear of no treatment ; creating a community of practice ; considering the social aspects of AMR in order to develop prevention efforts against AMR ; engaging the community and public campaigns on the drivers of AMR ; and increasing vaccination rates in children and adult population . One important step to realizing these strategies would be to have good quality data obtained from standardized surveillance platforms at the national level . This will allow the conduct of outcome research , which can eventually be translated into messages to increase awareness and to push forward the AMR agenda . For example , Naylor et al . used a national mandatory surveillance database in England to quantify the cost and mortality burden of Escherichia coli bacteremia , as well as the influence different resistances have on them . Such findings will be useful for understanding the health and economic impact of future trends in resistance , and for prioritization of funding and strategies to tackle the problem [ 33 ] . In addition , future research could focus on exploring further how the current Singapore National Strategic Action Plan is being implemented ; exploring in more detail the social , political , behavioral and cultural components affecting AMR ; and analyzing at greater length what type of AMR awareness campaigns could be developed to reach the community and engage civil society organizations .", "project": "cdlai_CORD-19", "denotations": [{"id": 1, "span": {"begin": 212, "end": 216}, "obj": "ne"}, {"id": 2, "span": {"begin": 386, "end": 390}, "obj": "ne"}]}