{"cord_uid": "vgfdfuza", "sourcedb": "PMC", "sourceid": "PMC6963657", "divid": "8", "text": "We present our findings under five main themes identified from analysis of participants ' responses . The first theme examines the policy context and discusses whether AMR as a policy issue is a priority in Singapore . The second theme discusses the level of AMR awareness among policymakers , professionals , and the general population . The third and fourth theme discusses the perceived facilitators and challenges to combat AMR in the Singaporean context . Finally , the fifth theme reflects on the reported strategies to increase awareness and combat AMR based on participants ' perceptions .", "project": "cdlai_CORD-19", "denotations": [{"id": 1, "span": {"begin": 168, "end": 172}, "obj": "ne"}, {"id": 2, "span": {"begin": 428, "end": 432}, "obj": "ne"}]}