{"cord_uid": "vgfdfuza", "sourcedb": "PMC", "sourceid": "PMC6963657", "divid": "10", "text": "In 2009 , the MOH initiated the National Antimicrobial Taskforce ( NAT ) that helped lay down the basics of mandatory surveillance , stewardship , and infection prevention principles in public restructured hospitals . The NAT was tasked to formulate hospital programs and policies , as well as to implement measure for monitoring and evaluation of these policies . It was later reorganized into the National Antimicrobial Resistance Control Committee ( NARCC ) in 2014 . Participants highlighted that the strategy adopted to keep efforts sustainable was by working with people on the ground to reinforce the implementation of these programs . The MOH ' s knack for looking at global health issues and comparing itself to other countries also helped in funding and formulation of AMR strategies . The next quote highlights the ways in which the MOH operates including the dedicated funding for antimicrobial stewardship programs :", "project": "cdlai_CORD-19", "denotations": []}