{"cord_uid": "x0wij3gt", "sourcedb": "PMC", "sourceid": "PMC4699375", "divid": "23", "text": "In summary , our findings demonstrate that PGE 2 stimulates human bronchial epithelial cell proliferation through activations of EP4 - related signal and c - Jun , which , in turn , increases activation and expression of PDK1 . This suggests that PDK1 and c - Jun might play an important role in human bronchial epithelial cells thereby influencing their growth .", "project": "cdlai_CORD-19", "denotations": [{"id": 1, "span": {"begin": 43, "end": 49}, "obj": "ne"}]}