{"cord_uid": "x665uk1d", "sourcedb": "PMC", "sourceid": "PMC4072776", "divid": "44", "text": "Blood collected from STG90 and wild - type mice was centrifuged at 3 , 000 rpm for 10 min , and plasma was stored at 220uC until analysis . Plasma levels of total albumin , aspartate aminotransferase , alanine transaminase , and other total proteins were analyzed using an automatic blood chemistry analyzer ( Selectra II , Merck , Germany ) .", "project": "cdlai_CORD-19", "denotations": [{"id": 1, "span": {"begin": 173, "end": 183}, "obj": "ne"}, {"id": 2, "span": {"begin": 202, "end": 210}, "obj": "ne"}]}