{"cord_uid": "x665uk1d", "sourcedb": "PMC", "sourceid": "PMC4072776", "divid": "6", "text": "We established in vitro cell and in vivo mouse systems harboring 3D8 scFv genes and antiviral mechanism against PRV and HSV as DNA viruses with dsDNA genomes . The expression patterns of viral open reading frames ( ORFs ) were identified and the FRET assay and confocal microscopy were performed to investigate the antiviral mechanism shown in our experimental in vitro and in vivo systems . Taken together , our data support that the antiviral effect against the DNA virus used in this work was caused by ( 1 ) nuclear DN activity that inhibited DNA replication or RNA transcription and ( 2 ) RNase activity in the cytoplasm blocked protein translation .", "project": "cdlai_CORD-19", "denotations": []}