{"cord_uid": "x665uk1d", "sourcedb": "PMC", "sourceid": "PMC4072776", "divid": "32", "text": "HeLa cells were provided by the Korean Cell Line Bank and were maintained in DMEM medium supplemented with 10 % fetal bovine serum ( Hyclone , Logan , UT , USA ) , 100 U / ml penicillinstreptomycin ( Hyclone ) , and non - essential amino acids ( Sigma , St . Louis , MO , USA ) , at 37uC in a 5 % CO 2 atmosphere . HSV - GFP virus was obtained from the American Type Culture Collection ( ATCC Number : VR - 1544 ) . The PRV - Y strain was obtained from the National Veterinary Research and Quarantine Service ( NVRQS ) of Korea .", "project": "cdlai_CORD-19", "denotations": [{"id": 1, "span": {"begin": 175, "end": 198}, "obj": "ne"}, {"id": 2, "span": {"begin": 232, "end": 244}, "obj": "ne"}, {"id": 3, "span": {"begin": 297, "end": 300}, "obj": "ne"}]}