{"cord_uid": "yadkpazq", "sourcedb": "PMC", "sourceid": "PMC3537549", "divid": "36", "text": "In frame with the results of our in vitro experiments , the administration of ODN 2216 in vivo could promote an antiviral state in the domestic cat in the absence of adverse reactions . Just as stimulated PBMCs exhibited high mRNA expression of type I IFN and only a marginal increase in mRNA levels of the proinflammatory cytokines IL - 6 and TNF\u03b1 , treated cats showed significantly increased Mx expression in their blood and lacked flu - like symptoms generally linked with administration of immunostimulatory molecules in vivo . Additionally , although our in vivo studies included a limited number of cats , the strength of responses to ODN 2216 stimulation in vitro and in vivo for individual animals strongly correlated , indicating that individual sensitivity to stimulation most likely can be predicted with in vitro experiments . Our data further show that a single subcutaneous injection of ODN 2216 sufficed to induce the systemic presence of antiviral molecules for 24 to 36 h in the plasma of treated cats ; during this time , an increase of Mx expression of at least 4 - fold in the blood of treated cats was indicative of significant inhibition of viral replication in vitro . These observations support possible resistance to viral infection by ODN 2216 for several days , a phenomenon described already in mouse models [ 89 ] .", "project": "cdlai_CORD-19", "denotations": [{"id": 1, "span": {"begin": 78, "end": 87}, "obj": "ne"}]}