{"cord_uid": "zgywyubf", "sourcedb": "PMC", "sourceid": "PMC3506457", "divid": "10", "text": "Graph represents mean \u00b1 SEM of 3 independent sets of experiments . ( B ) Huh7 cells were cotransfected in duplicate with NF - \u03baB CAT reporter , IKK\u03b2 expression plasmid and pSGI vector or pSGI ORF2 expression plasmid . 48 hour post transfection , CAT activity was assayed . Graph represents mean \u00b1 SEM of 3 independent sets of experiments .", "project": "cdlai_CORD-19", "denotations": []}