{"cord_uid": "zl4abcn0", "sourcedb": "PMC", "sourceid": "PMC4033353", "divid": "4", "text": "Lycorine , a pyrrolophenanthridine alkaloid , is one the major alkaloids found in H . littoralis [ 2 , 7 ] . It displays strong antiviral effect against poliovirus , measles , and herpes simplex type 1 viruses [ 8 ] . Besides , lycorine also possesses potent antiretroviral [ 9 ] , antimitotic [ 10 , 11 ] , and cytotoxic activities [ 2 , 12 ] .", "project": "cdlai_CORD-19", "denotations": [{"id": 1, "span": {"begin": 0, "end": 9}, "obj": "ne"}, {"id": 2, "span": {"begin": 13, "end": 35}, "obj": "ne"}, {"id": 3, "span": {"begin": 228, "end": 237}, "obj": "ne"}]}